date,city,neighborhood,address,rooms,sqm,floor,year_built,price
2026-03-09,חיפה,הדר,רחוב לדוגמה 32,2.5,55,3,1973,639000.0
2026-03-19,חיפה,הדר,רחוב לדוגמה 5,3,62,0,1970,691000.0
2025-11-20,חיפה,הדר,רחוב לדוגמה 4,3.5,75,8,1977,802000.0
2024-09-04,חיפה,הדר,רחוב לדוגמה 76,4.5,100,4,1965,922000.0
2026-01-19,חיפה,הדר,רחוב לדוגמה 20,4.5,100,3,2013,1025000.0
2025-07-22,חיפה,הדר,רחוב לדוגמה 13,3,62,5,1987,572000.0
2024-10-21,חיפה,הדר,רחוב לדוגמה 94,4,82,7,1999,907000.0
2026-02-24,חיפה,הדר,רחוב לדוגמה 38,4.5,100,5,2001,945000.0
2025-12-17,חיפה,הדר,רחוב לדוגמה 30,3,62,4,1970,574000.0
2025-11-05,חיפה,הדר,רחוב לדוגמה 59,3,62,5,1975,637000.0
2025-06-17,חיפה,הדר,רחוב לדוגמה 35,4,90,1,2003,859000.0
2024-09-19,חיפה,הדר,רחוב לדוגמה 32,3,70,2,1994,713000.0
2025-06-08,חיפה,הדר,רחוב לדוגמה 82,4,82,8,1979,982000.0
2024-07-30,חיפה,הדר,רחוב לדוגמה 8,4,90,3,1967,994000.0
2025-08-12,חיפה,הדר,רחוב לדוגמה 28,4.5,100,5,1978,980000.0
2024-08-29,חיפה,הדר,רחוב לדוגמה 83,5,115,7,1974,1120000.0
2025-10-03,חיפה,הדר,רחוב לדוגמה 72,3,70,8,1981,686000.0
2024-11-10,חיפה,הדר,רחוב לדוגמה 52,4.5,100,5,1979,1137000.0
2026-02-10,חיפה,הדר,רחוב לדוגמה 7,5,115,1,1974,1089000.0
2024-09-27,חיפה,הדר,רחוב לדוגמה 55,3,70,1,1989,769000.0
2025-06-06,חיפה,הדר,רחוב לדוגמה 71,5,115,0,2008,1211000.0
2026-03-06,חיפה,הדר,רחוב לדוגמה 44,4,82,1,1983,960000.0
2025-04-12,חיפה,הדר,רחוב לדוגמה 93,3,70,4,1997,715000.0
2025-12-31,חיפה,הדר,רחוב לדוגמה 39,3,62,8,2003,740000.0
2025-12-10,חיפה,הדר,רחוב לדוגמה 21,3,70,8,2014,721000.0
2025-01-04,חיפה,הדר,רחוב לדוגמה 63,2.5,55,0,1972,579000.0
2025-06-25,חיפה,הדר,רחוב לדוגמה 31,4,82,1,1970,791000.0
2025-02-19,חיפה,הדר,רחוב לדוגמה 69,3,62,2,1973,730000.0
2024-08-25,חיפה,הדר,רחוב לדוגמה 22,5,115,4,1998,1311000.0
2024-10-18,חיפה,הדר,רחוב לדוגמה 70,4.5,100,3,2010,1153000.0
2025-08-16,חיפה,הדר,רחוב לדוגמה 84,4.5,100,5,1993,1211000.0
2025-01-18,חיפה,הדר,רחוב לדוגמה 29,5,115,1,1986,1045000.0
2026-06-10,חיפה,הדר,רחוב לדוגמה 1,3.5,75,1,2010,845000.0
2024-09-23,חיפה,הדר,רחוב לדוגמה 5,2.5,55,5,1969,510000.0
2025-01-21,חיפה,הדר,רחוב לדוגמה 63,3.5,75,3,1999,718000.0
2026-02-16,חיפה,הדר,רחוב לדוגמה 61,5,115,6,1977,1147000.0
2026-03-27,חיפה,הדר,רחוב לדוגמה 46,3,62,6,1991,705000.0
2025-03-10,חיפה,הדר,רחוב לדוגמה 83,2.5,55,1,1968,597000.0
2025-05-15,חיפה,הדר,רחוב לדוגמה 14,4,90,3,1977,1021000.0
2025-12-19,חיפה,הדר,רחוב לדוגמה 24,5,115,4,1994,1100000.0
2025-10-19,חיפה,הדר,רחוב לדוגמה 71,3,62,1,1968,648000.0
2024-09-02,חיפה,הדר,רחוב לדוגמה 97,2.5,55,3,1975,631000.0
2025-05-11,חיפה,הדר,רחוב לדוגמה 52,5,115,0,1975,1190000.0
2025-06-08,חיפה,הדר,רחוב לדוגמה 34,2.5,55,7,1983,658000.0
2025-04-24,חיפה,הדר,רחוב לדוגמה 38,5,115,3,1968,1070000.0
2024-12-23,חיפה,נווה שאנן,רחוב לדוגמה 8,2.5,55,0,2002,796000.0
2025-02-28,חיפה,נווה שאנן,רחוב לדוגמה 66,3,70,1,1976,824000.0
2026-04-22,חיפה,נווה שאנן,רחוב לדוגמה 31,3,62,6,1972,937000.0
2024-11-25,חיפה,נווה שאנן,רחוב לדוגמה 6,3.5,75,1,1991,1030000.0
2024-08-27,חיפה,נווה שאנן,רחוב לדוגמה 27,4,90,5,1980,1348000.0
2025-10-03,חיפה,נווה שאנן,רחוב לדוגמה 83,4.5,100,4,1994,1244000.0
2025-08-12,חיפה,נווה שאנן,רחוב לדוגמה 80,3,62,1,1969,734000.0
2024-12-28,חיפה,נווה שאנן,רחוב לדוגמה 17,3.5,75,5,1969,1012000.0
2025-10-24,חיפה,נווה שאנן,רחוב לדוגמה 57,4,90,8,2010,1181000.0
2025-08-26,חיפה,נווה שאנן,רחוב לדוגמה 71,2.5,55,4,2007,804000.0
2026-03-17,חיפה,נווה שאנן,רחוב לדוגמה 14,3,70,8,1974,930000.0
2025-09-26,חיפה,נווה שאנן,רחוב לדוגמה 92,4,82,5,1978,1182000.0
2024-07-28,חיפה,נווה שאנן,רחוב לדוגמה 33,4,82,0,1970,1084000.0
2024-09-20,חיפה,נווה שאנן,רחוב לדוגמה 6,4.5,100,0,1986,1461000.0
2026-02-18,חיפה,נווה שאנן,רחוב לדוגמה 57,4,82,8,2010,1049000.0
2025-04-20,חיפה,נווה שאנן,רחוב לדוגמה 89,2.5,55,2,1999,665000.0
2026-05-26,חיפה,נווה שאנן,רחוב לדוגמה 19,4,90,6,1973,1331000.0
2026-05-20,חיפה,נווה שאנן,רחוב לדוגמה 6,4,82,5,1978,1134000.0
2024-08-02,חיפה,נווה שאנן,רחוב לדוגמה 46,3.5,75,8,1991,1040000.0
2024-10-04,חיפה,נווה שאנן,רחוב לדוגמה 31,3,70,2,1976,1051000.0
2025-05-05,חיפה,נווה שאנן,רחוב לדוגמה 43,2.5,55,6,2007,681000.0
2025-10-20,חיפה,נווה שאנן,רחוב לדוגמה 90,4,82,1,1989,1032000.0
2026-05-23,חיפה,נווה שאנן,רחוב לדוגמה 59,5,115,5,1984,1521000.0
2025-11-10,חיפה,נווה שאנן,רחוב לדוגמה 25,3.5,75,6,1986,904000.0
2025-09-19,חיפה,נווה שאנן,רחוב לדוגמה 36,3,62,5,2006,987000.0
2025-01-26,חיפה,נווה שאנן,רחוב לדוגמה 69,4.5,100,5,1966,1425000.0
2026-03-05,חיפה,נווה שאנן,רחוב לדוגמה 34,4,82,0,1971,1058000.0
2024-10-29,חיפה,נווה שאנן,רחוב לדוגמה 41,4.5,100,6,2003,1275000.0
2025-01-24,חיפה,נווה שאנן,רחוב לדוגמה 74,3,62,3,1981,809000.0
2026-05-17,חיפה,נווה שאנן,רחוב לדוגמה 69,4.5,100,3,1988,1226000.0
2025-04-16,חיפה,נווה שאנן,רחוב לדוגמה 43,3,62,5,2007,962000.0
2026-02-24,חיפה,נווה שאנן,רחוב לדוגמה 86,4,82,6,1985,1171000.0
2025-05-15,חיפה,נווה שאנן,רחוב לדוגמה 25,4,82,6,2007,1144000.0
2025-06-08,חיפה,נווה שאנן,רחוב לדוגמה 39,3,70,6,2000,997000.0
2026-07-01,חיפה,נווה שאנן,רחוב לדוגמה 56,4,82,5,1994,1113000.0
2025-04-05,חיפה,נווה שאנן,רחוב לדוגמה 66,5,115,7,2015,1652000.0
2026-01-09,חיפה,נווה שאנן,רחוב לדוגמה 85,3,62,5,1970,821000.0
2025-11-03,חיפה,נווה שאנן,רחוב לדוגמה 26,4,82,2,1966,1056000.0
2026-05-15,חיפה,נווה שאנן,רחוב לדוגמה 79,3.5,75,1,1994,1238000.0
2025-05-03,חיפה,נווה שאנן,רחוב לדוגמה 50,3.5,75,7,1990,1095000.0
2025-10-25,חיפה,נווה שאנן,רחוב לדוגמה 1,3,70,1,2014,1028000.0
2025-04-22,חיפה,נווה שאנן,רחוב לדוגמה 90,3.5,75,8,1994,926000.0
2026-05-11,חיפה,נווה שאנן,רחוב לדוגמה 16,3.5,75,7,1973,1215000.0
2024-08-17,חיפה,כרמל מרכזי,רחוב לדוגמה 57,4,90,8,1992,1958000.0
2024-12-17,חיפה,כרמל מרכזי,רחוב לדוגמה 96,5,115,7,1993,2508000.0
2025-10-09,חיפה,כרמל מרכזי,רחוב לדוגמה 36,3.5,75,8,1996,1675000.0
2024-09-28,חיפה,כרמל מרכזי,רחוב לדוגמה 10,3.5,75,4,1980,1348000.0
2025-09-26,חיפה,כרמל מרכזי,רחוב לדוגמה 70,4,90,1,1973,1723000.0
2026-01-28,חיפה,כרמל מרכזי,רחוב לדוגמה 20,3.5,75,3,1969,1489000.0
2025-05-03,חיפה,כרמל מרכזי,רחוב לדוגמה 60,4.5,100,6,1968,1884000.0
2025-12-02,חיפה,כרמל מרכזי,רחוב לדוגמה 99,4.5,100,0,2013,1974000.0
2024-11-19,חיפה,כרמל מרכזי,רחוב לדוגמה 46,4.5,100,4,2013,1928000.0
2025-05-28,חיפה,כרמל מרכזי,רחוב לדוגמה 95,4.5,100,8,2003,2014000.0
2025-11-18,חיפה,כרמל מרכזי,רחוב לדוגמה 56,5,115,7,1966,2146000.0
2025-05-29,חיפה,כרמל מרכזי,רחוב לדוגמה 52,4,90,2,1994,1883000.0
2026-02-21,חיפה,כרמל מרכזי,רחוב לדוגמה 76,2.5,55,0,1970,1274000.0
2024-09-11,חיפה,כרמל מרכזי,רחוב לדוגמה 60,4.5,100,2,1968,1713000.0
2025-10-08,חיפה,כרמל מרכזי,רחוב לדוגמה 59,4.5,100,5,1986,1922000.0
2025-06-08,חיפה,כרמל מרכזי,רחוב לדוגמה 54,4,82,4,1970,1759000.0
2025-03-07,חיפה,כרמל מרכזי,רחוב לדוגמה 7,2.5,55,5,1979,1164000.0
2024-09-04,חיפה,כרמל מרכזי,רחוב לדוגמה 84,3,62,0,2013,1292000.0
2026-05-31,חיפה,כרמל מרכזי,רחוב לדוגמה 3,3.5,75,2,1980,1427000.0
2026-02-22,חיפה,כרמל מרכזי,רחוב לדוגמה 73,5,115,3,1994,2494000.0
2024-07-15,חיפה,כרמל מרכזי,רחוב לדוגמה 22,4,82,1,2014,1690000.0
2026-01-15,חיפה,כרמל מרכזי,רחוב לדוגמה 4,4,82,4,2001,1486000.0
2024-08-07,חיפה,כרמל מרכזי,רחוב לדוגמה 92,4.5,100,3,1969,1855000.0
2024-11-02,חיפה,כרמל מרכזי,רחוב לדוגמה 99,3.5,75,4,2008,1279000.0
2024-10-25,חיפה,כרמל מרכזי,רחוב לדוגמה 73,3,62,0,1987,1306000.0
2025-01-02,חיפה,כרמל מרכזי,רחוב לדוגמה 9,4.5,100,8,2006,2047000.0
2025-07-17,חיפה,כרמל מרכזי,רחוב לדוגמה 63,2.5,55,1,1992,1218000.0
2025-06-26,חיפה,כרמל מרכזי,רחוב לדוגמה 56,5,115,2,2011,2441000.0
2025-01-13,חיפה,כרמל מרכזי,רחוב לדוגמה 69,4,82,7,1994,1659000.0
2025-04-11,חיפה,כרמל מרכזי,רחוב לדוגמה 32,4,82,1,1982,1536000.0
2025-03-27,חיפה,כרמל מרכזי,רחוב לדוגמה 73,3.5,75,6,1986,1592000.0
2026-06-02,חיפה,כרמל מרכזי,רחוב לדוגמה 24,5,115,7,1978,2659000.0
2025-07-03,חיפה,כרמל מרכזי,רחוב לדוגמה 77,4,82,4,2000,1562000.0
2026-06-21,חיפה,כרמל מרכזי,רחוב לדוגמה 93,3.5,75,6,1996,1377000.0
2024-12-10,חיפה,כרמל מרכזי,רחוב לדוגמה 83,3.5,75,7,1993,1543000.0
2026-06-14,חיפה,כרמל מרכזי,רחוב לדוגמה 52,3,62,3,1984,1219000.0
2024-08-21,חיפה,כרמל מרכזי,רחוב לדוגמה 68,4,90,5,1992,1712000.0
2024-12-15,חיפה,כרמל מרכזי,רחוב לדוגמה 59,4,90,4,1984,1675000.0
2025-10-17,חיפה,כרמל מרכזי,רחוב לדוגמה 25,3.5,75,5,1972,1349000.0
2024-07-25,חיפה,קרית חיים,רחוב לדוגמה 95,3,70,7,1982,751000.0
2024-11-05,חיפה,קרית חיים,רחוב לדוגמה 25,4,82,4,1979,1125000.0
2025-06-27,חיפה,קרית חיים,רחוב לדוגמה 91,3,70,8,1973,815000.0
2025-09-24,חיפה,קרית חיים,רחוב לדוגמה 71,2.5,55,4,2009,787000.0
2026-02-22,חיפה,קרית חיים,רחוב לדוגמה 2,5,115,4,1995,1294000.0
2025-02-26,חיפה,קרית חיים,רחוב לדוגמה 7,5,115,4,1995,1333000.0
2026-03-07,חיפה,קרית חיים,רחוב לדוגמה 10,3,62,0,1974,770000.0
2026-01-30,חיפה,קרית חיים,רחוב לדוגמה 32,4,82,1,2000,915000.0
2025-05-01,חיפה,קרית חיים,רחוב לדוגמה 49,3.5,75,7,1993,997000.0
2025-08-31,חיפה,קרית חיים,רחוב לדוגמה 80,4.5,100,0,2004,1175000.0
2026-03-22,חיפה,קרית חיים,רחוב לדוגמה 34,3.5,75,1,1975,998000.0
2025-10-29,חיפה,קרית חיים,רחוב לדוגמה 21,3,70,0,1991,894000.0
2025-03-27,חיפה,קרית חיים,רחוב לדוגמה 30,5,115,4,2010,1318000.0
2025-09-15,חיפה,קרית חיים,רחוב לדוגמה 30,5,115,4,2015,1253000.0
2024-09-29,חיפה,קרית חיים,רחוב לדוגמה 70,3.5,75,3,2006,875000.0
2026-01-30,חיפה,קרית חיים,רחוב לדוגמה 10,4,82,0,1975,1147000.0
2025-08-21,חיפה,קרית חיים,רחוב לדוגמה 60,4,82,4,2009,1004000.0
2025-05-15,חיפה,קרית חיים,רחוב לדוגמה 64,4,82,7,1970,1009000.0
2024-10-27,חיפה,קרית חיים,רחוב לדוגמה 95,2.5,55,5,2003,736000.0
2025-10-18,חיפה,קרית חיים,רחוב לדוגמה 87,2.5,55,0,2013,606000.0
2024-08-12,חיפה,קרית חיים,רחוב לדוגמה 98,4,82,2,1995,995000.0
2025-01-16,חיפה,קרית חיים,רחוב לדוגמה 24,5,115,6,2005,1566000.0
2025-02-13,חיפה,קרית חיים,רחוב לדוגמה 53,3,62,5,1985,747000.0
2024-08-14,חיפה,קרית חיים,רחוב לדוגמה 43,3,62,6,2009,814000.0
2025-02-09,חיפה,קרית חיים,רחוב לדוגמה 52,4,82,8,1967,1045000.0
2025-03-23,חיפה,קרית חיים,רחוב לדוגמה 42,3,62,1,2014,715000.0
2025-05-14,חיפה,קרית חיים,רחוב לדוגמה 70,2.5,55,7,1991,709000.0
2026-05-07,חיפה,קרית חיים,רחוב לדוגמה 80,3.5,75,7,2005,973000.0
2025-04-05,חיפה,קרית חיים,רחוב לדוגמה 71,2.5,55,2,1983,613000.0
2025-04-09,חיפה,קרית חיים,רחוב לדוגמה 81,5,115,3,2010,1248000.0
2026-01-20,חיפה,קרית חיים,רחוב לדוגמה 71,4,82,6,1970,1059000.0
2025-11-13,חיפה,קרית חיים,רחוב לדוגמה 16,3,62,2,1996,773000.0
2025-09-06,חיפה,קרית חיים,רחוב לדוגמה 62,4,82,7,1980,998000.0
2025-03-21,חיפה,קרית חיים,רחוב לדוגמה 77,3,70,8,2012,825000.0
2026-02-12,חיפה,קרית חיים,רחוב לדוגמה 54,3,62,5,2015,738000.0
2025-01-28,חיפה,קרית חיים,רחוב לדוגמה 37,4,82,4,2002,1090000.0
2024-11-15,חיפה,קרית חיים,רחוב לדוגמה 58,5,115,8,1995,1532000.0
2025-07-13,חיפה,קרית חיים,רחוב לדוגמה 70,4,90,6,1994,1133000.0
2025-08-06,חיפה,קרית חיים,רחוב לדוגמה 31,3.5,75,6,1979,1068000.0
2025-05-07,חיפה,קרית חיים,רחוב לדוגמה 61,2.5,55,6,1989,639000.0
2024-08-21,חיפה,קרית חיים,רחוב לדוגמה 5,3,70,2,1997,830000.0
2024-11-04,חיפה,קרית חיים,רחוב לדוגמה 57,4,90,1,1998,1199000.0
2026-06-16,באר שבע,שכונה ד,רחוב לדוגמה 84,3,70,2,1969,713000.0
2025-03-08,באר שבע,שכונה ד,רחוב לדוגמה 89,4,82,6,2006,750000.0
2026-04-10,באר שבע,שכונה ד,רחוב לדוגמה 69,4,90,6,1985,1029000.0
2024-09-28,באר שבע,שכונה ד,רחוב לדוגמה 5,5,115,1,1980,1192000.0
2024-09-23,באר שבע,שכונה ד,רחוב לדוגמה 96,4,82,1,1992,878000.0
2026-03-23,באר שבע,שכונה ד,רחוב לדוגמה 89,3,62,4,1966,628000.0
2026-05-15,באר שבע,שכונה ד,רחוב לדוגמה 38,4,90,5,1988,1020000.0
2025-04-16,באר שבע,שכונה ד,רחוב לדוגמה 53,3,70,2,1975,625000.0
2026-01-03,באר שבע,שכונה ד,רחוב לדוגמה 49,3,62,3,1996,650000.0
2024-11-11,באר שבע,שכונה ד,רחוב לדוגמה 82,3,70,4,1994,605000.0
2025-10-13,באר שבע,שכונה ד,רחוב לדוגמה 60,2.5,55,4,2008,616000.0
2024-12-19,באר שבע,שכונה ד,רחוב לדוגמה 45,3,70,4,2005,578000.0
2025-04-23,באר שבע,שכונה ד,רחוב לדוגמה 39,4,82,3,1989,784000.0
2025-02-22,באר שבע,שכונה ד,רחוב לדוגמה 74,3,62,5,2001,547000.0
2025-09-02,באר שבע,שכונה ד,רחוב לדוגמה 85,4,82,6,1982,697000.0
2026-06-23,באר שבע,שכונה ד,רחוב לדוגמה 96,2.5,55,7,1983,648000.0
2025-11-08,באר שבע,שכונה ד,רחוב לדוגמה 25,4,90,4,2008,828000.0
2024-08-25,באר שבע,שכונה ד,רחוב לדוגמה 81,3,70,0,1984,674000.0
2025-04-06,באר שבע,שכונה ד,רחוב לדוגמה 94,2.5,55,2,1970,544000.0
2025-09-02,באר שבע,שכונה ד,רחוב לדוגמה 23,4,90,3,1973,960000.0
2024-12-26,באר שבע,שכונה ד,רחוב לדוגמה 35,4,90,2,1981,861000.0
2025-02-23,באר שבע,שכונה ד,רחוב לדוגמה 44,4,82,1,1994,844000.0
2026-04-15,באר שבע,שכונה ד,רחוב לדוגמה 29,3,70,6,2000,780000.0
2025-06-22,באר שבע,שכונה ד,רחוב לדוגמה 2,3,62,4,1999,660000.0
2026-02-25,באר שבע,שכונה ד,רחוב לדוגמה 96,5,115,4,2002,1133000.0
2025-06-06,באר שבע,שכונה ד,רחוב לדוגמה 30,4,90,7,1966,776000.0
2024-10-05,באר שבע,שכונה ד,רחוב לדוגמה 29,4,90,1,2005,945000.0
2025-03-13,באר שבע,שכונה ד,רחוב לדוגמה 15,4,82,2,1967,824000.0
2026-05-24,באר שבע,שכונה ד,רחוב לדוגמה 15,4,82,1,1980,982000.0
2024-12-28,באר שבע,שכונה ד,רחוב לדוגמה 48,3,70,8,1991,642000.0
2024-11-07,באר שבע,שכונה ד,רחוב לדוגמה 84,3,70,1,1996,734000.0
2024-10-09,באר שבע,שכונה ד,רחוב לדוגמה 36,4.5,100,0,2009,1057000.0
2025-06-17,באר שבע,שכונה ד,רחוב לדוגמה 31,3.5,75,5,1971,722000.0
2024-07-29,באר שבע,שכונה ד,רחוב לדוגמה 83,4,90,5,1968,841000.0
2025-05-20,באר שבע,שכונה ד,רחוב לדוגמה 16,4,82,7,1970,724000.0
2024-08-22,באר שבע,שכונה ד,רחוב לדוגמה 77,3.5,75,0,1968,724000.0
2025-07-25,באר שבע,שכונה ד,רחוב לדוגמה 73,3.5,75,3,1969,848000.0
2024-12-11,באר שבע,שכונה ד,רחוב לדוגמה 30,3.5,75,5,2014,727000.0
2026-01-31,באר שבע,שכונה ד,רחוב לדוגמה 19,2.5,55,2,1999,524000.0
2026-01-04,באר שבע,רמות,רחוב לדוגמה 4,3,62,2,1965,880000.0
2025-06-30,באר שבע,רמות,רחוב לדוגמה 3,3.5,75,2,1981,1007000.0
2026-05-09,באר שבע,רמות,רחוב לדוגמה 68,3,70,1,2012,1041000.0
2026-04-27,באר שבע,רמות,רחוב לדוגמה 47,5,115,8,2002,1566000.0
2026-03-12,באר שבע,רמות,רחוב לדוגמה 79,5,115,0,2011,1579000.0
2024-08-26,באר שבע,רמות,רחוב לדוגמה 4,4,82,0,1995,1000000.0
2025-05-16,באר שבע,רמות,רחוב לדוגמה 63,4.5,100,7,1969,1370000.0
2026-04-10,באר שבע,רמות,רחוב לדוגמה 9,4,90,2,1982,1281000.0
2024-09-30,באר שבע,רמות,רחוב לדוגמה 77,4,90,8,1983,1079000.0
2025-03-24,באר שבע,רמות,רחוב לדוגמה 90,4.5,100,1,2006,1130000.0
2024-09-03,באר שבע,רמות,רחוב לדוגמה 30,3.5,75,6,1986,909000.0
2025-03-24,באר שבע,רמות,רחוב לדוגמה 13,4.5,100,5,1992,1252000.0
2025-08-15,באר שבע,רמות,רחוב לדוגמה 20,4,82,7,1969,1041000.0
2026-03-30,באר שבע,רמות,רחוב לדוגמה 13,3,62,5,1973,749000.0
2024-12-09,באר שבע,רמות,רחוב לדוגמה 72,2.5,55,8,1986,711000.0
2024-08-14,באר שבע,רמות,רחוב לדוגמה 86,3,62,6,2011,744000.0
2026-05-10,באר שבע,רמות,רחוב לדוגמה 46,4,82,1,2001,1171000.0
2025-01-28,באר שבע,רמות,רחוב לדוגמה 62,3.5,75,3,1971,855000.0
2025-07-08,באר שבע,רמות,רחוב לדוגמה 36,4,90,3,1992,1043000.0
2024-12-04,באר שבע,רמות,רחוב לדוגמה 85,2.5,55,4,1966,715000.0
2025-12-29,באר שבע,רמות,רחוב לדוגמה 40,4,82,5,1987,1177000.0
2026-06-25,באר שבע,רמות,רחוב לדוגמה 73,3,70,6,1969,1088000.0
2026-02-06,באר שבע,רמות,רחוב לדוגמה 68,2.5,55,3,1989,658000.0
2025-04-28,באר שבע,רמות,רחוב לדוגמה 48,5,115,4,2011,1416000.0
2025-08-03,באר שבע,רמות,רחוב לדוגמה 20,3,62,2,2013,910000.0
2024-10-07,באר שבע,רמות,רחוב לדוגמה 35,2.5,55,7,2007,721000.0
2025-04-23,באר שבע,רמות,רחוב לדוגמה 54,5,115,4,1978,1533000.0
2025-01-23,באר שבע,רמות,רחוב לדוגמה 15,3,62,4,2008,751000.0
2024-08-06,באר שבע,רמות,רחוב לדוגמה 40,5,115,0,1979,1427000.0
2025-05-23,באר שבע,רמות,רחוב לדוגמה 39,2.5,55,3,2014,609000.0
2026-02-11,באר שבע,רמות,רחוב לדוגמה 16,4,82,0,1996,1048000.0
2025-04-17,באר שבע,רמות,רחוב לדוגמה 69,3,70,3,1997,803000.0
2024-12-06,באר שבע,רמות,רחוב לדוגמה 95,4,90,0,1992,988000.0
2025-03-18,באר שבע,נווה זאב,רחוב לדוגמה 74,3,62,6,2001,756000.0
2025-05-13,באר שבע,נווה זאב,רחוב לדוגמה 52,4.5,100,0,1985,1041000.0
2026-01-07,באר שבע,נווה זאב,רחוב לדוגמה 47,5,115,1,1992,1469000.0
2026-03-15,באר שבע,נווה זאב,רחוב לדוגמה 52,3.5,75,8,1970,865000.0
2025-05-22,באר שבע,נווה זאב,רחוב לדוגמה 29,4,82,5,2014,980000.0
2026-01-10,באר שבע,נווה זאב,רחוב לדוגמה 15,3,62,8,1997,723000.0
2025-12-15,באר שבע,נווה זאב,רחוב לדוגמה 83,4,90,2,1980,995000.0
2026-03-18,באר שבע,נווה זאב,רחוב לדוגמה 23,3,70,2,2013,763000.0
2024-08-29,באר שבע,נווה זאב,רחוב לדוגמה 99,3,62,7,1994,593000.0
2024-12-01,באר שבע,נווה זאב,רחוב לדוגמה 73,5,115,5,2005,1307000.0
2025-08-12,באר שבע,נווה זאב,רחוב לדוגמה 61,3,70,7,2005,777000.0
2025-08-25,באר שבע,נווה זאב,רחוב לדוגמה 46,4,82,8,1969,955000.0
2025-08-18,באר שבע,נווה זאב,רחוב לדוגמה 8,5,115,5,1983,1282000.0
2026-04-14,באר שבע,נווה זאב,רחוב לדוגמה 65,3,62,6,1994,759000.0
2024-11-14,באר שבע,נווה זאב,רחוב לדוגמה 74,2.5,55,3,1985,582000.0
2024-10-20,באר שבע,נווה זאב,רחוב לדוגמה 8,5,115,7,1971,1231000.0
2025-07-15,באר שבע,נווה זאב,רחוב לדוגמה 23,3,62,0,1980,698000.0
2024-07-07,באר שבע,נווה זאב,רחוב לדוגמה 68,5,115,8,2004,1384000.0
2026-01-20,באר שבע,נווה זאב,רחוב לדוגמה 37,4,90,6,1991,1008000.0
2025-07-20,באר שבע,נווה זאב,רחוב לדוגמה 83,2.5,55,5,1969,673000.0
2025-07-29,באר שבע,נווה זאב,רחוב לדוגמה 50,3,62,4,1981,711000.0
2024-08-28,באר שבע,נווה זאב,רחוב לדוגמה 75,3,70,2,1987,705000.0
2025-08-18,באר שבע,נווה זאב,רחוב לדוגמה 91,4.5,100,1,1984,1006000.0
2024-12-06,באר שבע,נווה זאב,רחוב לדוגמה 43,4.5,100,2,2007,1126000.0
2024-07-12,באר שבע,נווה זאב,רחוב לדוגמה 55,3,62,8,1988,680000.0
2025-06-25,נתניה,מרכז העיר,רחוב לדוגמה 28,4,82,5,2014,1188000.0
2025-02-19,נתניה,מרכז העיר,רחוב לדוגמה 18,3.5,75,2,1969,1081000.0
2025-09-02,נתניה,מרכז העיר,רחוב לדוגמה 70,3,62,8,1967,1007000.0
2024-08-23,נתניה,מרכז העיר,רחוב לדוגמה 80,4,90,2,2003,1528000.0
2025-06-11,נתניה,מרכז העיר,רחוב לדוגמה 89,3,70,2,2011,1006000.0
2025-04-09,נתניה,מרכז העיר,רחוב לדוגמה 87,2.5,55,3,1993,847000.0
2024-10-14,נתניה,מרכז העיר,רחוב לדוגמה 58,4,82,3,1999,1357000.0
2025-10-30,נתניה,מרכז העיר,רחוב לדוגמה 61,4,82,3,1988,1528000.0
2024-08-06,נתניה,מרכז העיר,רחוב לדוגמה 37,5,115,6,1997,1730000.0
2025-01-07,נתניה,מרכז העיר,רחוב לדוגמה 26,4.5,100,2,1981,1778000.0
2026-05-09,נתניה,מרכז העיר,רחוב לדוגמה 71,5,115,1,2010,2156000.0
2025-01-19,נתניה,מרכז העיר,רחוב לדוגמה 98,3,62,2,1982,906000.0
2025-03-28,נתניה,מרכז העיר,רחוב לדוגמה 12,3,70,3,1993,1216000.0
2025-07-09,נתניה,מרכז העיר,רחוב לדוגמה 51,2.5,55,8,1988,861000.0
2025-11-02,נתניה,מרכז העיר,רחוב לדוגמה 48,4.5,100,3,1966,1879000.0
2025-08-09,נתניה,מרכז העיר,רחוב לדוגמה 84,3,62,5,2015,1102000.0
2026-02-02,נתניה,מרכז העיר,רחוב לדוגמה 61,3,70,2,2013,1001000.0
2024-07-09,נתניה,מרכז העיר,רחוב לדוגמה 1,5,115,1,1966,1715000.0
2025-10-12,נתניה,מרכז העיר,רחוב לדוגמה 71,3.5,75,8,1992,1346000.0
2026-03-10,נתניה,מרכז העיר,רחוב לדוגמה 16,4,82,0,1980,1261000.0
2025-04-28,נתניה,מרכז העיר,רחוב לדוגמה 64,5,115,8,1966,1586000.0
2024-09-22,נתניה,מרכז העיר,רחוב לדוגמה 38,3.5,75,6,1965,1225000.0
2024-10-10,נתניה,מרכז העיר,רחוב לדוגמה 54,4,90,2,2007,1276000.0
2024-08-16,נתניה,מרכז העיר,רחוב לדוגמה 47,3,62,1,1998,952000.0
2024-12-21,נתניה,מרכז העיר,רחוב לדוגמה 61,2.5,55,0,2005,827000.0
2025-06-14,נתניה,קרית השרון,רחוב לדוגמה 46,4,82,1,1987,1740000.0
2025-10-28,נתניה,קרית השרון,רחוב לדוגמה 95,3,62,5,1973,1354000.0
2026-05-17,נתניה,קרית השרון,רחוב לדוגמה 83,4,90,2,2014,1902000.0
2024-07-30,נתניה,קרית השרון,רחוב לדוגמה 62,5,115,2,1973,2471000.0
2026-04-28,נתניה,קרית השרון,רחוב לדוגמה 26,5,115,0,2015,2058000.0
2025-12-09,נתניה,קרית השרון,רחוב לדוגמה 40,2.5,55,8,1990,1056000.0
2024-12-22,נתניה,קרית השרון,רחוב לדוגמה 97,5,115,3,1983,2046000.0
2025-07-01,נתניה,קרית השרון,רחוב לדוגמה 43,2.5,55,4,1972,1209000.0
2025-06-20,נתניה,קרית השרון,רחוב לדוגמה 96,4.5,100,7,1989,2209000.0
2025-07-19,נתניה,קרית השרון,רחוב לדוגמה 64,3,70,5,1998,1389000.0
2025-10-01,נתניה,קרית השרון,רחוב לדוגמה 11,3,62,6,2003,1331000.0
2025-12-29,נתניה,קרית השרון,רחוב לדוגמה 11,4,82,5,2007,1582000.0
2025-09-02,נתניה,קרית השרון,רחוב לדוגמה 92,4,82,6,1975,1614000.0
2024-07-25,נתניה,קרית השרון,רחוב לדוגמה 6,5,115,5,2004,2062000.0
2025-04-12,נתניה,קרית השרון,רחוב לדוגמה 8,4,82,1,2007,1671000.0
2024-09-17,נתניה,קרית השרון,רחוב לדוגמה 96,4.5,100,2,1966,1815000.0
2026-02-05,נתניה,קרית השרון,רחוב לדוגמה 9,5,115,3,2014,2030000.0
2024-09-09,נתניה,קרית השרון,רחוב לדוגמה 73,4,90,0,2003,1631000.0
2026-01-25,נתניה,קרית השרון,רחוב לדוגמה 48,5,115,7,2013,2672000.0
2026-04-14,נתניה,קרית השרון,רחוב לדוגמה 51,3,70,5,2006,1465000.0
2025-09-19,נתניה,קרית השרון,רחוב לדוגמה 4,3.5,75,2,1996,1713000.0
2025-01-17,נתניה,קרית השרון,רחוב לדוגמה 16,4.5,100,4,2014,2169000.0
2025-10-08,נתניה,קרית השרון,רחוב לדוגמה 79,5,115,4,2009,2116000.0
2025-02-14,נתניה,קרית השרון,רחוב לדוגמה 10,3.5,75,7,1976,1289000.0
2024-07-01,נתניה,קרית השרון,רחוב לדוגמה 88,5,115,5,2007,2470000.0
2025-07-11,נתניה,קרית השרון,רחוב לדוגמה 38,3,62,4,1975,1249000.0
2024-07-03,נתניה,קרית השרון,רחוב לדוגמה 66,3,70,3,1972,1424000.0
2025-12-08,נתניה,קרית השרון,רחוב לדוגמה 64,3,70,0,1988,1310000.0
2024-12-11,נתניה,קרית השרון,רחוב לדוגמה 71,4,90,2,2004,1710000.0
2026-04-04,נתניה,קרית השרון,רחוב לדוגמה 92,3,62,7,1998,1210000.0
2025-05-07,נתניה,קרית השרון,רחוב לדוגמה 10,4.5,100,2,1985,2154000.0
2024-09-12,נתניה,קרית השרון,רחוב לדוגמה 88,3,62,8,1987,1155000.0
2026-02-20,נתניה,קרית השרון,רחוב לדוגמה 17,3,70,6,1997,1555000.0
2026-05-06,נתניה,קרית השרון,רחוב לדוגמה 39,3,62,2,1975,1297000.0
2025-08-05,נתניה,קרית השרון,רחוב לדוגמה 67,3.5,75,4,1970,1425000.0
2025-10-18,נתניה,קרית השרון,רחוב לדוגמה 71,3.5,75,4,1973,1573000.0
2024-09-29,נתניה,קרית השרון,רחוב לדוגמה 12,4,82,8,2006,1608000.0
2024-11-02,נתניה,אגמים,רחוב לדוגמה 80,3,70,5,2001,1289000.0
2026-05-20,נתניה,אגמים,רחוב לדוגמה 83,2.5,55,4,2006,1075000.0
2025-11-28,נתניה,אגמים,רחוב לדוגמה 4,4.5,100,7,2005,2251000.0
2024-12-20,נתניה,אגמים,רחוב לדוגמה 39,4,82,7,1980,1760000.0
2024-07-30,נתניה,אגמים,רחוב לדוגמה 10,4.5,100,0,1975,1890000.0
2025-04-07,נתניה,אגמים,רחוב לדוגמה 27,4.5,100,5,2003,2084000.0
2026-02-04,נתניה,אגמים,רחוב לדוגמה 41,4,90,5,1990,2193000.0
2026-02-18,נתניה,אגמים,רחוב לדוגמה 14,4,90,5,1980,1991000.0
2025-03-11,נתניה,אגמים,רחוב לדוגמה 32,3,62,2,1971,1203000.0
2026-05-11,נתניה,אגמים,רחוב לדוגמה 79,4,82,6,1980,2075000.0
2026-01-19,נתניה,אגמים,רחוב לדוגמה 93,4,90,5,1977,2230000.0
2026-01-19,נתניה,אגמים,רחוב לדוגמה 60,5,115,7,1984,2896000.0
2025-02-07,נתניה,אגמים,רחוב לדוגמה 51,2.5,55,8,1994,1001000.0
2025-10-28,נתניה,אגמים,רחוב לדוגמה 7,3.5,75,0,1983,1663000.0
2025-02-10,נתניה,אגמים,רחוב לדוגמה 2,5,115,1,1992,2233000.0
2026-02-14,נתניה,אגמים,רחוב לדוגמה 98,4,82,6,1988,1928000.0
2026-05-16,נתניה,אגמים,רחוב לדוגמה 72,4.5,100,3,1988,1933000.0
2024-12-12,נתניה,אגמים,רחוב לדוגמה 65,4,82,7,2013,1470000.0
2024-12-15,נתניה,אגמים,רחוב לדוגמה 80,4,82,1,1973,1851000.0
2026-03-24,נתניה,אגמים,רחוב לדוגמה 44,4.5,100,8,1988,2130000.0
2026-02-04,נתניה,אגמים,רחוב לדוגמה 52,3.5,75,8,1967,1699000.0
2026-05-16,נתניה,אגמים,רחוב לדוגמה 43,2.5,55,7,1998,1095000.0
2025-03-21,נתניה,אגמים,רחוב לדוגמה 66,3,70,2,1985,1508000.0
2024-10-12,נתניה,אגמים,רחוב לדוגמה 79,4,90,4,2002,1647000.0
2025-07-22,נתניה,אגמים,רחוב לדוגמה 39,5,115,7,1966,2603000.0
2025-06-19,נתניה,אגמים,רחוב לדוגמה 54,4,90,4,2015,2006000.0
2024-07-27,נתניה,אגמים,רחוב לדוגמה 34,2.5,55,3,2011,1138000.0
2026-05-10,נתניה,אגמים,רחוב לדוגמה 81,5,115,6,1974,2312000.0
2024-08-03,נתניה,אגמים,רחוב לדוגמה 90,3.5,75,1,1977,1298000.0
2026-06-12,נתניה,אגמים,רחוב לדוגמה 20,5,115,6,2009,2435000.0
2025-05-07,עפולה,מרכז,רחוב לדוגמה 95,5,115,0,2010,1100000.0
2026-02-10,עפולה,מרכז,רחוב לדוגמה 85,3.5,75,7,1998,702000.0
2025-06-11,עפולה,מרכז,רחוב לדוגמה 59,4,90,8,1986,888000.0
2024-12-19,עפולה,מרכז,רחוב לדוגמה 93,4,90,4,2004,789000.0
2025-02-21,עפולה,מרכז,רחוב לדוגמה 36,3.5,75,8,1984,721000.0
2025-11-13,עפולה,מרכז,רחוב לדוגמה 91,4,82,3,2009,798000.0
2024-07-10,עפולה,מרכז,רחוב לדוגמה 45,5,115,8,2015,871000.0
2025-09-24,עפולה,מרכז,רחוב לדוגמה 87,4,82,8,1989,646000.0
2025-05-23,עפולה,מרכז,רחוב לדוגמה 19,4,90,4,1967,883000.0
2025-09-10,עפולה,מרכז,רחוב לדוגמה 57,3,62,4,2012,524000.0
2025-02-26,עפולה,מרכז,רחוב לדוגמה 69,3.5,75,4,2000,578000.0
2024-07-19,עפולה,מרכז,רחוב לדוגמה 79,4,82,3,1980,587000.0
2026-05-11,עפולה,מרכז,רחוב לדוגמה 7,3.5,75,1,1991,733000.0
2025-07-28,עפולה,מרכז,רחוב לדוגמה 99,5,115,2,1965,888000.0
2024-12-15,עפולה,מרכז,רחוב לדוגמה 61,3,70,7,2006,566000.0
2025-12-09,עפולה,מרכז,רחוב לדוגמה 83,4,82,0,2014,703000.0
2026-04-01,עפולה,מרכז,רחוב לדוגמה 93,3.5,75,0,1976,705000.0
2025-04-30,עפולה,מרכז,רחוב לדוגמה 5,3,70,6,2015,679000.0
2025-02-09,עפולה,מרכז,רחוב לדוגמה 38,3,70,0,1965,667000.0
2025-08-30,עפולה,מרכז,רחוב לדוגמה 43,3,62,4,1994,619000.0
2024-09-13,עפולה,מרכז,רחוב לדוגמה 18,5,115,8,1994,1045000.0
2025-09-25,עפולה,מרכז,רחוב לדוגמה 43,3.5,75,2,2011,729000.0
2025-03-19,עפולה,מרכז,רחוב לדוגמה 2,4,82,5,2015,743000.0
2025-09-02,עפולה,מרכז,רחוב לדוגמה 82,3.5,75,6,1992,599000.0
2025-01-20,עפולה,מרכז,רחוב לדוגמה 86,4,90,1,1976,661000.0
2026-02-08,עפולה,מרכז,רחוב לדוגמה 32,5,115,0,1981,1000000.0
2025-06-04,עפולה,מרכז,רחוב לדוגמה 35,3.5,75,5,1984,639000.0
2024-11-12,עפולה,מרכז,רחוב לדוגמה 47,2.5,55,3,1968,421000.0
2024-08-17,עפולה,מרכז,רחוב לדוגמה 21,3,62,6,2008,496000.0
2025-02-02,עפולה,מרכז,רחוב לדוגמה 82,4,82,4,1988,729000.0
2024-10-10,עפולה,מרכז,רחוב לדוגמה 18,3.5,75,7,1974,562000.0
2024-10-19,עפולה,עפולה הצעירה,רחוב לדוגמה 71,4,90,7,2013,871000.0
2024-12-28,עפולה,עפולה הצעירה,רחוב לדוגמה 88,3.5,75,1,1998,817000.0
2025-03-31,עפולה,עפולה הצעירה,רחוב לדוגמה 73,4,90,1,1968,812000.0
2024-12-18,עפולה,עפולה הצעירה,רחוב לדוגמה 20,3.5,75,2,1985,772000.0
2025-01-15,עפולה,עפולה הצעירה,רחוב לדוגמה 27,5,115,7,1970,1032000.0
2025-01-25,עפולה,עפולה הצעירה,רחוב לדוגמה 59,5,115,2,1997,1277000.0
2025-05-02,עפולה,עפולה הצעירה,רחוב לדוגמה 72,5,115,7,2008,1219000.0
2025-08-20,עפולה,עפולה הצעירה,רחוב לדוגמה 1,2.5,55,3,2002,569000.0
2026-04-18,עפולה,עפולה הצעירה,רחוב לדוגמה 90,2.5,55,1,1999,607000.0
2026-05-01,עפולה,עפולה הצעירה,רחוב לדוגמה 61,3,62,0,1983,805000.0
2025-05-09,עפולה,עפולה הצעירה,רחוב לדוגמה 99,3,70,6,1988,788000.0
2025-06-05,עפולה,עפולה הצעירה,רחוב לדוגמה 49,5,115,6,1970,1340000.0
2024-08-01,עפולה,עפולה הצעירה,רחוב לדוגמה 45,3,70,1,1976,714000.0
2024-12-28,עפולה,עפולה הצעירה,רחוב לדוגמה 94,4.5,100,3,1965,1019000.0
2026-06-08,עפולה,עפולה הצעירה,רחוב לדוגמה 93,4,82,8,1992,927000.0
2025-01-03,עפולה,עפולה הצעירה,רחוב לדוגמה 32,4.5,100,7,1987,1109000.0
2026-01-24,עפולה,עפולה הצעירה,רחוב לדוגמה 93,4,82,1,1967,824000.0
2024-08-24,עפולה,עפולה הצעירה,רחוב לדוגמה 3,4.5,100,3,1978,1014000.0
2026-04-24,עפולה,עפולה הצעירה,רחוב לדוגמה 58,3,62,0,1980,721000.0
2026-05-17,עפולה,עפולה הצעירה,רחוב לדוגמה 70,4.5,100,3,2013,1117000.0
2026-05-05,עפולה,עפולה הצעירה,רחוב לדוגמה 38,3,70,3,2011,795000.0
2024-11-19,עפולה,עפולה הצעירה,רחוב לדוגמה 99,4,90,5,1980,922000.0
2025-08-26,עפולה,עפולה הצעירה,רחוב לדוגמה 67,3,70,3,1991,857000.0
2025-08-28,עפולה,עפולה הצעירה,רחוב לדוגמה 76,4,82,2,2005,762000.0
2024-08-05,עפולה,עפולה הצעירה,רחוב לדוגמה 7,4.5,100,5,2006,992000.0
2024-08-13,עפולה,עפולה הצעירה,רחוב לדוגמה 41,4.5,100,6,1991,1062000.0
2026-01-30,עפולה,עפולה הצעירה,רחוב לדוגמה 97,4,82,8,1995,876000.0
2025-10-28,עפולה,עפולה הצעירה,רחוב לדוגמה 91,3.5,75,2,1994,765000.0
2026-05-03,עפולה,עפולה הצעירה,רחוב לדוגמה 72,4.5,100,8,1973,1293000.0
2025-05-30,עפולה,עפולה הצעירה,רחוב לדוגמה 43,3.5,75,1,1993,728000.0
2025-06-17,עפולה,עפולה הצעירה,רחוב לדוגמה 25,3,62,0,1982,659000.0
2025-06-10,עפולה,עפולה הצעירה,רחוב לדוגמה 25,2.5,55,8,1978,642000.0
2025-02-26,עפולה,עפולה הצעירה,רחוב לדוגמה 43,3.5,75,4,1965,853000.0
2025-11-27,עפולה,עפולה הצעירה,רחוב לדוגמה 16,3.5,75,7,1980,933000.0
2024-07-19,עפולה,עפולה הצעירה,רחוב לדוגמה 31,3.5,75,8,1985,706000.0
2025-09-15,עפולה,עפולה הצעירה,רחוב לדוגמה 84,4.5,100,5,1984,1063000.0
2025-10-07,עפולה,עפולה הצעירה,רחוב לדוגמה 64,4,90,7,1971,976000.0
2025-03-08,עפולה,עפולה הצעירה,רחוב לדוגמה 48,4,90,5,1991,1039000.0
2026-05-16,עפולה,עפולה הצעירה,רחוב לדוגמה 3,3.5,75,4,2000,915000.0
2024-11-15,קרית גת,העיר העתיקה,רחוב לדוגמה 26,4.5,100,5,1979,724000.0
2025-06-08,קרית גת,העיר העתיקה,רחוב לדוגמה 84,3.5,75,5,1981,610000.0
2025-02-16,קרית גת,העיר העתיקה,רחוב לדוגמה 94,5,115,5,1975,898000.0
2026-02-08,קרית גת,העיר העתיקה,רחוב לדוגמה 70,5,115,0,1998,903000.0
2026-05-28,קרית גת,העיר העתיקה,רחוב לדוגמה 86,3,62,0,2013,627000.0
2026-06-25,קרית גת,העיר העתיקה,רחוב לדוגמה 81,4.5,100,3,1969,801000.0
2024-07-07,קרית גת,העיר העתיקה,רחוב לדוגמה 65,3,70,7,1988,445000.0
2026-05-01,קרית גת,העיר העתיקה,רחוב לדוגמה 3,5,115,0,1999,1067000.0
2024-12-14,קרית גת,העיר העתיקה,רחוב לדוגמה 68,4.5,100,4,1999,663000.0
2025-09-11,קרית גת,העיר העתיקה,רחוב לדוגמה 90,2.5,55,6,1976,459000.0
2026-03-14,קרית גת,העיר העתיקה,רחוב לדוגמה 31,3,62,3,2004,546000.0
2025-01-08,קרית גת,העיר העתיקה,רחוב לדוגמה 35,4,82,6,1970,702000.0
2025-06-14,קרית גת,העיר העתיקה,רחוב לדוגמה 32,4.5,100,3,1984,805000.0
2024-07-31,קרית גת,העיר העתיקה,רחוב לדוגמה 84,3,62,0,1970,486000.0
2025-05-12,קרית גת,העיר העתיקה,רחוב לדוגמה 61,4.5,100,0,2005,778000.0
2026-06-22,קרית גת,העיר העתיקה,רחוב לדוגמה 56,3,70,5,2001,550000.0
2026-03-26,קרית גת,העיר העתיקה,רחוב לדוגמה 89,2.5,55,7,1982,443000.0
2026-05-15,קרית גת,העיר העתיקה,רחוב לדוגמה 36,3,62,8,2001,582000.0
2024-08-27,קרית גת,העיר העתיקה,רחוב לדוגמה 41,2.5,55,0,1978,375000.0
2024-11-07,קרית גת,העיר העתיקה,רחוב לדוגמה 92,3,70,6,1969,579000.0
2025-08-29,קרית גת,העיר העתיקה,רחוב לדוגמה 73,3,70,6,2008,593000.0
2024-12-25,קרית גת,העיר העתיקה,רחוב לדוגמה 95,4,90,2,2015,677000.0
2024-07-26,קרית גת,העיר העתיקה,רחוב לדוגמה 45,3,62,0,1971,464000.0
2025-04-10,קרית גת,העיר העתיקה,רחוב לדוגמה 44,3.5,75,6,2014,662000.0
2025-08-01,קרית גת,העיר העתיקה,רחוב לדוגמה 58,2.5,55,7,1979,472000.0
2025-07-02,קרית גת,העיר העתיקה,רחוב לדוגמה 88,4.5,100,6,1970,802000.0
2024-10-06,קרית גת,העיר העתיקה,רחוב לדוגמה 92,4,82,1,1970,681000.0
2025-09-30,קרית גת,העיר העתיקה,רחוב לדוגמה 82,3,70,2,2012,565000.0
2025-05-29,קרית גת,העיר העתיקה,רחוב לדוגמה 12,4,90,0,1984,700000.0
2025-04-02,קרית גת,העיר העתיקה,רחוב לדוגמה 14,4,90,2,1970,776000.0
2025-12-22,קרית גת,העיר העתיקה,רחוב לדוגמה 72,4.5,100,8,1991,843000.0
2026-03-18,קרית גת,העיר העתיקה,רחוב לדוגמה 71,2.5,55,1,2003,422000.0
2024-10-27,קרית גת,העיר העתיקה,רחוב לדוגמה 2,4,90,4,1991,766000.0
2025-05-30,קרית גת,העיר העתיקה,רחוב לדוגמה 72,3,62,3,2001,537000.0
2025-01-14,קרית גת,העיר העתיקה,רחוב לדוגמה 22,3,70,2,1982,579000.0
2025-08-27,קרית גת,העיר העתיקה,רחוב לדוגמה 9,4,82,2,1992,680000.0
2025-09-22,קרית גת,העיר העתיקה,רחוב לדוגמה 10,4.5,100,5,1981,786000.0
2025-10-22,קרית גת,העיר העתיקה,רחוב לדוגמה 26,5,115,7,1971,996000.0
2026-02-13,קרית גת,העיר העתיקה,רחוב לדוגמה 51,4,82,5,2004,607000.0
2025-06-07,קרית גת,העיר העתיקה,רחוב לדוגמה 56,4,90,2,1984,719000.0
2025-08-07,קרית גת,העיר העתיקה,רחוב לדוגמה 23,3.5,75,6,1985,616000.0
2025-09-06,קרית גת,העיר העתיקה,רחוב לדוגמה 32,5,115,5,1989,1092000.0
2025-09-17,קרית גת,העיר העתיקה,רחוב לדוגמה 73,4.5,100,3,2002,801000.0
2025-12-29,קרית גת,כרמי גת,רחוב לדוגמה 60,2.5,55,3,1993,804000.0
2025-09-06,קרית גת,כרמי גת,רחוב לדוגמה 53,3,62,7,1973,848000.0
2024-09-21,קרית גת,כרמי גת,רחוב לדוגמה 85,4,82,2,2010,862000.0
2025-04-24,קרית גת,כרמי גת,רחוב לדוגמה 77,4.5,100,7,2002,1052000.0
2025-05-17,קרית גת,כרמי גת,רחוב לדוגמה 47,4.5,100,8,2003,1229000.0
2024-09-16,קרית גת,כרמי גת,רחוב לדוגמה 32,3,62,5,1975,623000.0
2024-09-07,קרית גת,כרמי גת,רחוב לדוגמה 83,2.5,55,6,2013,636000.0
2025-07-27,קרית גת,כרמי גת,רחוב לדוגמה 13,4.5,100,4,1979,1090000.0
2025-01-25,קרית גת,כרמי גת,רחוב לדוגמה 51,3.5,75,7,2014,869000.0
2024-08-05,קרית גת,כרמי גת,רחוב לדוגמה 4,3,70,7,1971,752000.0
2025-09-02,קרית גת,כרמי גת,רחוב לדוגמה 11,4.5,100,1,2011,1405000.0
2026-02-06,קרית גת,כרמי גת,רחוב לדוגמה 59,4,90,3,1998,1104000.0
2025-02-22,קרית גת,כרמי גת,רחוב לדוגמה 57,4,90,7,1985,1060000.0
2026-04-24,קרית גת,כרמי גת,רחוב לדוגמה 91,4,82,1,1966,939000.0
2025-07-15,קרית גת,כרמי גת,רחוב לדוגמה 22,3,62,3,1998,804000.0
2026-01-04,קרית גת,כרמי גת,רחוב לדוגמה 55,3,70,7,1979,856000.0
2025-05-13,קרית גת,כרמי גת,רחוב לדוגמה 85,3,70,6,1990,768000.0
2026-06-02,קרית גת,כרמי גת,רחוב לדוגמה 55,3.5,75,6,1965,990000.0
2024-07-10,קרית גת,כרמי גת,רחוב לדוגמה 97,3.5,75,1,2001,765000.0
2026-03-19,קרית גת,כרמי גת,רחוב לדוגמה 26,3,70,7,1972,883000.0
2025-10-06,קרית גת,כרמי גת,רחוב לדוגמה 82,5,115,5,2003,1460000.0
2025-05-30,קרית גת,כרמי גת,רחוב לדוגמה 45,4.5,100,5,1994,1249000.0
2024-10-07,קרית גת,כרמי גת,רחוב לדוגמה 91,3,70,4,2004,877000.0
2024-11-04,קרית גת,כרמי גת,רחוב לדוגמה 41,3,62,1,1980,752000.0
2025-08-23,קרית גת,כרמי גת,רחוב לדוגמה 89,3,62,2,1997,698000.0
2025-05-30,קרית גת,כרמי גת,רחוב לדוגמה 74,4.5,100,6,1992,1252000.0
2025-12-23,קרית גת,כרמי גת,רחוב לדוגמה 89,5,115,2,2000,1537000.0
2026-01-12,קרית גת,כרמי גת,רחוב לדוגמה 24,5,115,5,1993,1391000.0
2024-10-05,קרית גת,כרמי גת,רחוב לדוגמה 2,2.5,55,7,1973,698000.0
2025-12-14,קרית גת,כרמי גת,רחוב לדוגמה 65,4.5,100,7,1991,1460000.0
2024-07-30,קרית גת,כרמי גת,רחוב לדוגמה 57,5,115,7,1975,1260000.0
2026-04-08,קרית גת,כרמי גת,רחוב לדוגמה 29,2.5,55,4,1967,791000.0
2025-09-23,קרית גת,כרמי גת,רחוב לדוגמה 22,3.5,75,7,2001,951000.0
2025-02-09,קרית גת,כרמי גת,רחוב לדוגמה 35,3,62,8,1988,749000.0
2024-12-23,קרית גת,כרמי גת,רחוב לדוגמה 57,2.5,55,8,1978,692000.0
2025-04-22,קרית גת,כרמי גת,רחוב לדוגמה 84,3,62,3,1984,800000.0
2026-05-29,קרית גת,כרמי גת,רחוב לדוגמה 12,5,115,7,1972,1430000.0
2025-11-01,קרית גת,כרמי גת,רחוב לדוגמה 76,3.5,75,5,2010,1039000.0
2024-10-15,קרית גת,כרמי גת,רחוב לדוגמה 18,4.5,100,3,1978,1032000.0
2026-05-02,קרית גת,כרמי גת,רחוב לדוגמה 77,4,90,8,1975,1208000.0
2025-08-04,קרית גת,כרמי גת,רחוב לדוגמה 35,4,82,8,2008,951000.0
2026-03-26,קרית גת,כרמי גת,רחוב לדוגמה 53,3,70,0,1982,1049000.0
